Datetime,Water Level (m)
2025-05-18 00:00:00,-0.6363453
2025-05-18 01:00:00,-0.5808655
2025-05-18 02:00:00,-0.32184744
2025-05-18 03:00:00,0.04602695
2025-05-18 04:00:00,0.426329
2025-05-18 05:00:00,0.7539784
2025-05-18 06:00:00,0.90218806
2025-05-18 07:00:00,0.88071495
2025-05-18 08:00:00,0.6545365
2025-05-18 09:00:00,0.28792122
2025-05-18 10:00:00,-0.032025516
2025-05-18 11:00:00,-0.2946556
2025-05-18 12:00:00,-0.42105272
2025-05-18 13:00:00,-0.4802395
2025-05-18 14:00:00,-0.42096156
2025-05-18 15:00:00,-0.21817581
2025-05-18 16:00:00,0.025359968
2025-05-18 17:00:00,0.23189963
2025-05-18 18:00:00,0.42027345
2025-05-18 19:00:00,0.49237612
2025-05-18 20:00:00,0.38336623
2025-05-18 21:00:00,0.15503435
2025-05-18 22:00:00,-0.09788726
2025-05-18 23:00:00,-0.34820518
2025-05-19 00:00:00,-0.50498027
2025-05-19 01:00:00,-0.53051794
2025-05-19 02:00:00,-0.41903526
2025-05-19 03:00:00,-0.17984429
2025-05-19 04:00:00,0.12859824
2025-05-19 05:00:00,0.44395474
2025-05-19 06:00:00,0.7222995
2025-05-19 07:00:00,0.86125547
2025-05-19 08:00:00,0.84515554
2025-05-19 09:00:00,0.6476969
2025-05-19 10:00:00,0.341431
2025-05-19 11:00:00,0.045488015
2025-05-19 12:00:00,-0.23247555
2025-05-19 13:00:00,-0.3884022
2025-05-19 14:00:00,-0.4714309
2025-05-19 15:00:00,-0.39709142
2025-05-19 16:00:00,-0.1989046
2025-05-19 17:00:00,0.026847979
2025-05-19 18:00:00,0.22843303
2025-05-19 19:00:00,0.4181713
2025-05-19 20:00:00,0.49726468
2025-05-19 21:00:00,0.4272774
2025-05-19 22:00:00,0.24589896
2025-05-19 23:00:00,0.020920675
2025-05-20 00:00:00,-0.20306589
2025-05-20 01:00:00,-0.3885729
2025-05-20 02:00:00,-0.43312278
2025-05-20 03:00:00,-0.3425264
2025-05-20 04:00:00,-0.13368243
2025-05-20 05:00:00,0.13989146
2025-05-20 06:00:00,0.42534244
2025-05-20 07:00:00,0.6880807
2025-05-20 08:00:00,0.82254
2025-05-20 09:00:00,0.81670535
2025-05-20 10:00:00,0.65283024
2025-05-20 11:00:00,0.37046522
2025-05-20 12:00:00,0.08985281
2025-05-20 13:00:00,-0.20029831
2025-05-20 14:00:00,-0.40747002
2025-05-20 15:00:00,-0.5152845
2025-05-20 16:00:00,-0.45427388
2025-05-20 17:00:00,-0.26307017
2025-05-20 18:00:00,-0.013544445
2025-05-20 19:00:00,0.21843202
2025-05-20 20:00:00,0.43795723
2025-05-20 21:00:00,0.56646156
2025-05-20 22:00:00,0.547218
2025-05-20 23:00:00,0.39515555
2025-05-21 00:00:00,0.16693144
2025-05-21 01:00:00,-0.06803066
2025-05-21 02:00:00,-0.30844915
2025-05-21 03:00:00,-0.41170207
2025-05-21 04:00:00,-0.37679872
2025-05-21 05:00:00,-0.18942657
2025-05-21 06:00:00,0.07726325
2025-05-21 07:00:00,0.3605295
2025-05-21 08:00:00,0.65399754
2025-05-21 09:00:00,0.8080942
2025-05-21 10:00:00,0.8215498
2025-05-21 11:00:00,0.68006766
2025-05-21 12:00:00,0.4106405
2025-05-21 13:00:00,0.10143672
2025-05-21 14:00:00,-0.23003274
2025-05-21 15:00:00,-0.48431912
2025-05-21 16:00:00,-0.6253153
2025-05-21 17:00:00,-0.57205504
2025-05-21 18:00:00,-0.3466691
2025-05-21 19:00:00,-0.0824979
2025-05-21 20:00:00,0.22107697
2025-05-21 21:00:00,0.5266109
2025-05-21 22:00:00,0.72001654
2025-05-21 23:00:00,0.71360743
2025-05-22 00:00:00,0.5712442
2025-05-22 01:00:00,0.32080507
2025-05-22 02:00:00,0.027609738
2025-05-22 03:00:00,-0.25339344
2025-05-22 04:00:00,-0.43823415
2025-05-22 05:00:00,-0.4373661
2025-05-22 06:00:00,-0.28289655
2025-05-22 07:00:00,-0.007094745
2025-05-22 08:00:00,0.3060657
2025-05-22 09:00:00,0.636674
2025-05-22 10:00:00,0.87185335
2025-05-22 11:00:00,0.9014797
2025-05-22 12:00:00,0.7696148
2025-05-22 13:00:00,0.47466907
2025-05-22 14:00:00,0.109158896
2025-05-22 15:00:00,-0.2978415
2025-05-22 16:00:00,-0.61576915
2025-05-22 17:00:00,-0.7566173
2025-05-22 18:00:00,-0.68073726
2025-05-22 19:00:00,-0.40082204
2025-05-22 20:00:00,-0.041371938
2025-05-22 21:00:00,0.3465874
2025-05-22 22:00:00,0.7147021
2025-05-22 23:00:00,0.9283464
2025-05-23 00:00:00,0.9477281
2025-05-23 01:00:00,0.79584134
2025-05-23 02:00:00,0.4725535
2025-05-23 03:00:00,0.10670064
2025-05-23 04:00:00,-0.27855873
2025-05-23 05:00:00,-0.52082425
2025-05-23 06:00:00,-0.53239536
2025-05-23 07:00:00,-0.37257537
2025-05-23 08:00:00,-0.0681262
2025-05-23 09:00:00,0.32566148
2025-05-23 10:00:00,0.6907675
2025-05-23 11:00:00,0.9591965
2025-05-23 12:00:00,1.003076
2025-05-23 13:00:00,0.8589128
2025-05-23 14:00:00,0.49463093
2025-05-23 15:00:00,0.06416834
2025-05-23 16:00:00,-0.41710737
2025-05-23 17:00:00,-0.7647638
2025-05-23 18:00:00,-0.8975838
2025-05-23 19:00:00,-0.80768955
2025-05-23 20:00:00,-0.44134983
2025-05-23 21:00:00,0.012912033
2025-05-23 22:00:00,0.4932188
2025-05-23 23:00:00,0.96187794
2025-05-24 00:00:00,1.1922333
